Tweet,Source,URL
"RT @bbctennis: Johanna Konta is into the third round of the #USOpen.

She beats Margarita Gasparyan  6-1 6-0.

What a performance.

Live: hâ€¦",Twitter for Android,http://twitter.com/download/android
"RT @ATP_Tour: .@stanwawrinka advances. ğŸƒ 

The ğŸ‡¨ğŸ‡­ extends his unbeaten record against Jeremy Chardy to six matches with a 6-4, 6-3, 6-7(3),â€¦",Twitter for Android,http://twitter.com/download/android
"Flipkens getting a lot of balls back, but Andreescu mature in response. 4-3 #USOpen",Twitter Web App,https://mobile.twitter.com
"RT @usopen: On tap in Ashe...

Simona Halep ğŸ†š Taylor Townsend starts now!

Tune in to @espn for more R2 action at the #USOpen. https://t.coâ€¦",Twitter for Android,http://twitter.com/download/android
RT @2010MisterChip: Hasta a un tipo como Federer le pueden suceder cosas que nunca habÃ­a vivido: es la primera vez en su carrera que superaâ€¦,Twitter for Android,http://twitter.com/download/android
"RT @usopen: Sunny with a chance of tennis. ğŸ˜

#USOpen https://t.co/SqbwU2eGL7",Twitter for iPhone,http://twitter.com/download/iphone
Watch video as C. Ronaldo Invites Lionel Messi to a Dinner after the Champions League Draw...â€¦ https://t.co/rkdvwnojuV,Twitter Web App,https://mobile.twitter.com
super @andreapetkovic â€¼ï¸ğŸ‘ğŸ‘#USOpenğŸ¾,Twitter Web App,https://mobile.twitter.com
Esta noche juega Nick Kyrgios #USOpen #Tennis https://t.co/gmO2ByYfuM,Twitter for iPad,http://twitter.com/#!/download/ipad
"RT @WeAreTennisITA: ""Devo stare piÃ¹ attento e regalare meno punti"".
Roger #Federer accede con qualche brivido al R3 di #UsOpen che ha chiusâ€¦",Twitter for iPhone,http://twitter.com/download/iphone
"dear tennis gods.... Stan Wawrinka won. Now Simo please ğŸ™ğŸ»ğŸ™ğŸ»

#USopen #SimonaHalep",Twitter Web Client,http://twitter.com
"US Open : Osaka facile, Ferro remporte le choc, Kvitova out #USOpen #Mladenovic #Ferro #Cornet #Osaka #Halep https://t.co/BxQWUo6NOG",dlvr.it,https://dlvrit.com/
"RT @WeAreTennisFR: Stan Wawrinka Ã©limine logiquement JÃ©rÃ©my Chardy, qui aura tout de mÃªme arrachÃ© un set, 6-4 6-3 6-7 6-3 au 2Ã¨me tour #USOâ€¦",Twitter for iPhone,http://twitter.com/download/iphone
"That may be the most dominant match that @stanwawrinka has played all year.
#USOpen",Twitter for Android,http://twitter.com/download/android
Frozen honey deuce &gt; honey deuce #usopen,Echofon,http://www.echofon.com/
"RT @sergeybeys: #USOpen kuponu

MaÃ§lar 23:00â€™da baÅŸlayacak ve bu gece tamamlanacak.

Bol ÅŸanslar https://t.co/OYPOcI89e9",Twitter Web App,https://mobile.twitter.com
"On tap in Ashe...

Simona Halep ğŸ†š Taylor Townsend starts now!

Tune in to @espn for more R2 action at the #USOpen. https://t.co/EAE6wio3AA",WSC Sports,http://wsc-sports.com
"RT @fermurciego: #UsOpen | Gran batalla mental de Pablo CarreÃ±o para apartar a Berankis en cuatro sets (6-4, 6-7, 6-2, 6-0). Primer espaÃ±olâ€¦",Twitter Web App,https://mobile.twitter.com
"#USOpen Gran victoria del suizo Stan Wawrinka 6-4 6-3 6-7 6-4 sobre el galo Jeremy Chardy, se mete en la 3R del USâ€¦ https://t.co/B3R0bdZ9zL",Twitter Web App,https://mobile.twitter.com
"De dames Alexandrova en Zhang gaan nog een derde set spelen #USOpen, aanvangstijd #Bertens nu richting 22:30 uur",Twitter Web App,https://mobile.twitter.com
"RT @usopen: 6-3, 3-6, 6-2, 2-6, 6-3

Another five setter for the No. 6 seed as he defeats Tiafoe to reach R3!

@AlexZverev | #USOpen https:â€¦",TW Blue,https://twblue.es
"L'adversaire Ã©tait de taille, sa performance s'est rÃ©vÃ©lÃ©e Ã  la hauteur de ses standards les plus Ã©levÃ©s:â€¦ https://t.co/bTfp0NFNaa",Twitter Web App,https://mobile.twitter.com
Former champion and No. 23 seed Stan Wawrinka gets through Jeremy Chardy 64 63 67(3) 63 to reach R3. Wawrinka possiâ€¦ https://t.co/kOKWvr6vr7,Twitter Web App,https://mobile.twitter.com
"RT @ATP_Tour: .@stanwawrinka advances. ğŸƒ 

The ğŸ‡¨ğŸ‡­ extends his unbeaten record against Jeremy Chardy to six matches with a 6-4, 6-3, 6-7(3),â€¦",Twitter Web App,https://mobile.twitter.com
"When you're watching @AlexZverev at the #USOpen and your only thoughts are:
'Wow, his style of playing is awesome'â€¦ https://t.co/86HdGONwO3",Twitter for Android,http://twitter.com/download/android
"RT @ATP_Tour: .@stanwawrinka advances. ğŸƒ 

The ğŸ‡¨ğŸ‡­ extends his unbeaten record against Jeremy Chardy to six matches with a 6-4, 6-3, 6-7(3),â€¦",Twitter for iPhone,http://twitter.com/download/iphone
23/Stan Wawrinka ğŸ‡¨ğŸ‡­ derrotÃ³ a Jeremy Chardy ğŸ‡«ğŸ‡· por 6-4 6-3 6-7(3) 6-3 y avanzÃ³ a 3Â° Ronda del #USOpen. El suizo jugâ€¦ https://t.co/rKd0BtQ24R,Twitter for Android,http://twitter.com/download/android
RT @ATPMediaInfo: [23] @StanWawrinka defeats Jeremy Chardy 6-4 6-3 6-7(3) 6-3 to reach #USOpen 3R for 7th time in his last 7 appearances.â€¦,Twitter for iPhone,http://twitter.com/download/iphone
RT @ATPMediaInfo: [23] @StanWawrinka defeats Jeremy Chardy 6-4 6-3 6-7(3) 6-3 to reach #USOpen 3R for 7th time in his last 7 appearances.â€¦,Twitter for iPhone,http://twitter.com/download/iphone
#UsOpen | Maravilloso lo que estÃ¡ pasando ahora mismo en @Eurosport_ES. Wilander y Lendl rememorando su rivalidad https://t.co/HZsRyHAfp3,Twitter for iPhone,http://twitter.com/download/iphone
"Stan Wawrinka Ã©limine logiquement JÃ©rÃ©my Chardy, qui aura tout de mÃªme arrachÃ© un set, 6-4 6-3 6-7 6-3 au 2Ã¨me tourâ€¦ https://t.co/XuYl2DmkUE",Twitter for Android,http://twitter.com/download/android
ğŸ‘ğŸ‘@stanwawrinka #USOpen #HomeOfTennis,Twitter for iPad,http://twitter.com/#!/download/ipad
"RT @ATP_Tour: .@stanwawrinka advances. ğŸƒ 

The ğŸ‡¨ğŸ‡­ extends his unbeaten record against Jeremy Chardy to six matches with a 6-4, 6-3, 6-7(3),â€¦",Twitter for iPhone,http://twitter.com/download/iphone
"RT @ATP_Tour: .@stanwawrinka advances. ğŸƒ 

The ğŸ‡¨ğŸ‡­ extends his unbeaten record against Jeremy Chardy to six matches with a 6-4, 6-3, 6-7(3),â€¦",Twitter for iPhone,http://twitter.com/download/iphone
"RT @bcoles1029: Former champion and No. 23 seed Stan Wawrinka beats Jeremy Chardy 6-4, 6-3, 6-7(3), 6-3 to reach the @usopen third round. #â€¦",Twitter for iPhone,http://twitter.com/download/iphone
"Here we go #Fedal in football, finally!

#USOpen https://t.co/FEqY7lqnnx",Twitter Web App,https://mobile.twitter.com
"Elina Svitolina - is she now ready to grab her first grand slam?
https://t.co/rsDl7LbTHZ
#ElinaSvitolinaâ€¦ https://t.co/t1lkOHK89C",Twitter Web App,https://mobile.twitter.com
"RT @bcoles1029: Former champion and No. 23 seed Stan Wawrinka beats Jeremy Chardy 6-4, 6-3, 6-7(3), 6-3 to reach the @usopen third round. #â€¦",Twitter for iPhone,http://twitter.com/download/iphone
"RT @Eurosport_IT: Primo set a Berrettini! Che rimonta da 2-5 a 7-5 ğŸ‡®ğŸ‡¹ğŸ’ª

#EurosportTENNIS | #USOpen https://t.co/COC7HTiGEV",Twitter for iPhone,http://twitter.com/download/iphone
"RT @ATP_Tour: .@stanwawrinka advances. ğŸƒ 

The ğŸ‡¨ğŸ‡­ extends his unbeaten record against Jeremy Chardy to six matches with a 6-4, 6-3, 6-7(3),â€¦",Twitter for Android,http://twitter.com/download/android
"RT @the_LTA: ğŸ’ª @JohannaKonta blasts past Gasparyan ğŸ’ª

Stunning display from Johanna to cruise into #USOpen 3rd round with a 6-1, 6-0 victorâ€¦",Twitter for Android,http://twitter.com/download/android
"RT @usopen: Across the finish line ğŸ‘€

A focused Naomi Osaka moves on to R3 after defeating Magda Linette 6-2, 6-4.

@Naomi_Osaka_ | #USOpenâ€¦",Twitter for Android,http://twitter.com/download/android
"Where is the U.S Open happening? Is that in London? ğŸ˜’
#overheardatwork #USOpen",Twitter for iPhone,http://twitter.com/download/iphone
"RT @ATP_Tour: .@stanwawrinka advances. ğŸƒ 

The ğŸ‡¨ğŸ‡­ extends his unbeaten record against Jeremy Chardy to six matches with a 6-4, 6-3, 6-7(3),â€¦",Twitter for iPhone,http://twitter.com/download/iphone
"Finally that longest boring match is over! #USOpen 
Yes yes, crown the beee and let's move onto the next match!",Twitter for Android,http://twitter.com/download/android
Stan!!!! ğŸ¤©ğŸ¤©ğŸ˜»ğŸ˜» #USOpen,Twitter for iPhone,http://twitter.com/download/iphone
"RT @ATP_Tour: .@stanwawrinka advances. ğŸƒ 

The ğŸ‡¨ğŸ‡­ extends his unbeaten record against Jeremy Chardy to six matches with a 6-4, 6-3, 6-7(3),â€¦",Twitter for Android,http://twitter.com/download/android
"Zverev didn't disappoint this time around. Must be a miracle
#USOpen https://t.co/vMobsUsYPB",Twitter for Android,http://twitter.com/download/android
"RT @ESPNtenis: ğŸ’¨ Â¡A tercera ronda! ğŸ’¨
 
Roger Federer venciÃ³ 3-6, 6-2, 6-3 y 6-4 a Damir Dzumhur en su partido NÂ°100 en el #USOpen. ğŸ‡¨ğŸ‡­ ğŸ’¯
 
Sâ€¦",Twitter for Android,http://twitter.com/download/android
"RT @ATP_Tour: .@stanwawrinka advances. ğŸƒ 

The ğŸ‡¨ğŸ‡­ extends his unbeaten record against Jeremy Chardy to six matches with a 6-4, 6-3, 6-7(3),â€¦",Twitter for Android,http://twitter.com/download/android
"RT @bcoles1029: Former champion and No. 23 seed Stan Wawrinka beats Jeremy Chardy 6-4, 6-3, 6-7(3), 6-3 to reach the @usopen third round. #â€¦",Twitter for iPhone,http://twitter.com/download/iphone
STAN! #USOpen,Twitter for iPhone,http://twitter.com/download/iphone
"RT @keithboykin: Serena Williams defeats Maria Sharapova for the 19th straight time. #USOpen 

https://t.co/g5LEgx1fJZ",Twitter for Android,http://twitter.com/download/android
RT @BastienFachan: There was a time when Sascha Zverev was posting cryptic Facebook updates on his personal account and Frances Tiafoe wasâ€¦,Twitter for iPhone,http://twitter.com/download/iphone
"RT @usopen: A sunny day is in store â˜€ï¸

Take a look at Day 4's loaded lineup â¡ï¸ https://t.co/GCsVB9a9XT

#USOpen https://t.co/7Jq2O1ZXzF",Twitter for Android,http://twitter.com/download/android
"RT @ATP_Tour: .@stanwawrinka advances. ğŸƒ 

The ğŸ‡¨ğŸ‡­ extends his unbeaten record against Jeremy Chardy to six matches with a 6-4, 6-3, 6-7(3),â€¦",Twitter for Android,http://twitter.com/download/android
"Game, set, match.

@stanwawrinka defeats Chardy in four sets, ending the match 6-4, 6-3, 6(3)-7, 6-3.

#USOpen https://t.co/9HYRnPTFCs",Twitter Web App,https://mobile.twitter.com
Wawrinka through to last 32. Medvedev fights on through the cramp. #USOpen,Twitter Web App,https://mobile.twitter.com
"RT @ATP_Tour: .@stanwawrinka advances. ğŸƒ 

The ğŸ‡¨ğŸ‡­ extends his unbeaten record against Jeremy Chardy to six matches with a 6-4, 6-3, 6-7(3),â€¦",Twitter for iPhone,http://twitter.com/download/iphone
"ğŸ‡¨ğŸ‡¦ Bianca erases a break point, leads 6-3, 4-3*

ğŸ‡¨ğŸ‡¦ Bianca efface une balle de bris, elle mÃ¨ne 6-3, 4-3*

#USOpen ğŸ¾",Twitter Web App,https://mobile.twitter.com
"Auch Stan Wawrinka ist weiter. Er musste zwischendurch einen kleinen Umweg gehen, gewinnt am Ende aber recht sicherâ€¦ https://t.co/nYmzKSgvgW",TweetDeck,https://about.twitter.com/products/tweetdeck
"RT @MattRacquet: Looks like Meddy has upgraded from a salt shaker to pickle juice or some electrolyte shot.

@Eurosport_RU 
#USOpen https:/â€¦",Twitter Web App,https://mobile.twitter.com
#USOpen #Berrettini subisce break 4-5 terzo set,Twitter for iPad,http://twitter.com/#!/download/ipad
"RT @ATP_Tour: .@stanwawrinka advances. ğŸƒ 

The ğŸ‡¨ğŸ‡­ extends his unbeaten record against Jeremy Chardy to six matches with a 6-4, 6-3, 6-7(3),â€¦",Twitter for iPhone,http://twitter.com/download/iphone
"RT @usopen: Across the finish line ğŸ‘€

A focused Naomi Osaka moves on to R3 after defeating Magda Linette 6-2, 6-4.

@Naomi_Osaka_ | #USOpenâ€¦",Twitter for Android,http://twitter.com/download/android
"RT @ATP_Tour: .@stanwawrinka advances. ğŸƒ 

The ğŸ‡¨ğŸ‡­ extends his unbeaten record against Jeremy Chardy to six matches with a 6-4, 6-3, 6-7(3),â€¦",Twitter for iPhone,http://twitter.com/download/iphone
"RT @usopen: 6-3, 3-6, 6-2, 2-6, 6-3

Another five setter for the No. 6 seed as he defeats Tiafoe to reach R3!

@AlexZverev | #USOpen https:â€¦",Twitter for iPhone,http://twitter.com/download/iphone
"RT @usopen: Heartwarming moments like this one is what we love to see...

ğŸ¤— @Naomi_Osaka_ | #USOpen https://t.co/L5HXcVWqFF",Twitter for Android,http://twitter.com/download/android
"RT @Eurosport_FR: BenoÃ®t Paire. 

#HomeOfTennis #USOpen https://t.co/Z4RRTHGcrB",Twitter for iPhone,http://twitter.com/download/iphone
"At Wimbledon, Felix-Djokovic in the 4th round did not happen.

At the #USOPEN, will Stan-Djokovic happen?

#Suspense",Twitter Web Client,http://twitter.com
"RT @sebatorok: Con motivo de los 1ï¸âƒ£0ï¸âƒ£ aÃ±os del tÃ­tulo de @delpotrojuan en el #USOpenÂ regalarÃ© 3 ejemplares de â€˜El @MilagroDelPotroâ€™. 

ğŸ“šğŸ¾â€¦",Twitter for Android,http://twitter.com/download/android
"RT @JeuSetMaths: 35. Depuis le dÃ©but de sa carriÃ¨re en Grand Chelem, @AlexZverev a disputÃ© 17 de ses 48 matchs en 5 sets (soit 35,4%). 
Parâ€¦",Twitter for Android,http://twitter.com/download/android
#USOpen : Jeremy #Chardy sâ€™incline au 2e tour contre Stan #Wawrinka malgrÃ© une bonne rÃ©sistance (4/6 3/6 7/6 3/6).,Twitter for iPhone,http://twitter.com/download/iphone
"RT @ATP_Tour: .@stanwawrinka advances. ğŸƒ 

The ğŸ‡¨ğŸ‡­ extends his unbeaten record against Jeremy Chardy to six matches with a 6-4, 6-3, 6-7(3),â€¦",Twitter for iPhone,http://twitter.com/download/iphone
"RT @TeamGB: Konta marches on! ğŸ‡¬ğŸ‡§

Super performance from @JohannaKonta sees her reach the third round with a 6-1 6-0 win over Margarita Gasâ€¦",Twitter for Android,http://twitter.com/download/android
"Tennis mit meinen Faves macht diese Woche mal wieder richtig viel SpaÃŸ ğŸ˜

Gerade wieder so ein Moment. Eigener Aufsâ€¦ https://t.co/koVn4OilGw",Twitter for Android,http://twitter.com/download/android
"RT @ATP_Tour: .@stanwawrinka advances. ğŸƒ 

The ğŸ‡¨ğŸ‡­ extends his unbeaten record against Jeremy Chardy to six matches with a 6-4, 6-3, 6-7(3),â€¦",Twitter for iPad,http://twitter.com/#!/download/ipad
RT @ATPMediaInfo: [23] @StanWawrinka defeats Jeremy Chardy 6-4 6-3 6-7(3) 6-3 to reach #USOpen 3R for 7th time in his last 7 appearances.â€¦,Twitter Web App,https://mobile.twitter.com
"RT @ATPTour_ES: Â¡El sudor tiene recompensa! ğŸ˜ 

@pablocarreno91 llega a la tercera ronda del #USOpen tras ganar 6-4, 6-7(3), 6-2 y 6-0 a Riâ€¦",Twitter for Android,http://twitter.com/download/android
"This is adorable. #USOpen 

But also, that little girl's t-shirt ğŸ‘€ https://t.co/ZbFZ0voGyU",Twitter for iPhone,http://twitter.com/download/iphone
".@stanwawrinka advances. ğŸƒ 

The ğŸ‡¨ğŸ‡­ extends his unbeaten record against Jeremy Chardy to six matches with a 6-4, 6-â€¦ https://t.co/fPMCbHNIhU",Sprout Social,https://sproutsocial.com
Serious dual screening here but @AljazBedene seems to be doing the business vs Pouille #USOpen... Andy needs to steâ€¦ https://t.co/KX2UY4GAyV,Twitter for Android,http://twitter.com/download/android
"RT @Eurosport_FR: BenoÃ®t Paire. 

#HomeOfTennis #USOpen https://t.co/Z4RRTHGcrB",Twitter for Android,http://twitter.com/download/android
Final match of the day for the Romanian women as Simona takes the court for her R2 match against Taylor Townsend.â€¦ https://t.co/nNc28easwx,Twitter Web App,https://mobile.twitter.com
"RT @ATP_Tour: Another day, another five-set win for @AlexZverev. ğŸ–ï¸ 

The No. 6 seed will meet Benoit Paire or Aljaz Bedene in the third roâ€¦",Twitter for iPhone,http://twitter.com/download/iphone
A tak wyglada siÄ™ po wygranej w #USOpen ğŸ˜€Brawo Kamil! https://t.co/HjkOC2F6T2,Twitter for iPhone,http://twitter.com/download/iphone
"RT @ATPTour_ES: Â¡El sudor tiene recompensa! ğŸ˜ 

@pablocarreno91 llega a la tercera ronda del #USOpen tras ganar 6-4, 6-7(3), 6-2 y 6-0 a Riâ€¦",Twitter for iPhone,http://twitter.com/download/iphone
"RT @HaddadiPronos: #USOpenÂ ğŸ‡ºğŸ‡¸

ğŸ‘‰ğŸ½ Evans - Pouille + 3.5 sets 
ğŸ‘‰ğŸ½ Wawrinka 
âœ…âœ…âœ…ğŸ”¥
CÃ´te @ 1.86 

Postez vos tickets ğŸ¤‘

LÃ¢chez votre FAV pour lâ€¦",Twitter for iPhone,http://twitter.com/download/iphone
"Former champion and No. 23 seed Stan Wawrinka beats Jeremy Chardy 6-4, 6-3, 6-7(3), 6-3 to reach the @usopen thirdâ€¦ https://t.co/7RBSVtacHb",Twitter for iPhone,http://twitter.com/download/iphone
"RT @RMorU: Ãšltimos ğŸ‡¨ğŸ‡±vsğŸ‡¦ğŸ‡º en los GS, H2H 5-2

ğŸ‡ºğŸ‡¸#USO2019
De Minaur a Garin

ğŸ‡¦ğŸ‡º#AO2009
GonzÃ¡lez a Hewitt

ğŸ‡¦ğŸ‡º#AO2008
Capdeville a Klein 

ğŸ‡¦ğŸ‡º#â€¦",Twitter Web App,https://mobile.twitter.com
".@stanwawrinka remains on a collision course with defending champ Djokovic. ğŸ‘€ 

The 2016 men's winner tops Chardy,â€¦ https://t.co/syKxyFD7LA",Twitter Web App,https://mobile.twitter.com
"Former US Open Champion Stan #Wawrinka outs Jeremy #Chardy in 4 sets 6-4,6-3,6-7,6-3 and moves into R3 @usopen âœ…âœ…âœ…â€¦ https://t.co/tH3N22T7lE",Instagram,http://instagram.com
"RT @ATPTour_ES: Â¡El sudor tiene recompensa! ğŸ˜ 

@pablocarreno91 llega a la tercera ronda del #USOpen tras ganar 6-4, 6-7(3), 6-2 y 6-0 a Riâ€¦",Twitter for Android,http://twitter.com/download/android
"RT @MattRacquet: Looks like Meddy has upgraded from a salt shaker to pickle juice or some electrolyte shot.

@Eurosport_RU 
#USOpen https:/â€¦",TweetDeck,https://about.twitter.com/products/tweetdeck
"RT @Agustin_Galan: Colin Kaerpenick y Kobe Bryant, presentes en el partido de la nÃºmero uno Naomi Osaka en el #USOpen. Saben dÃ³nde estÃ¡ laâ€¦",Tweetlogix,https://onloft.com/tweetlogix
"Hey la @FFLose, tu risque de vivre une journÃ©e historique Ã  l'#USOpen ğŸ¤£ğŸ¤£ğŸ¤£ğŸ¤£ğŸ¤£",Twitter Web App,https://mobile.twitter.com
RT @ATPMediaInfo: [23] @StanWawrinka defeats Jeremy Chardy 6-4 6-3 6-7(3) 6-3 to reach #USOpen 3R for 7th time in his last 7 appearances.â€¦,Twitter for Android,http://twitter.com/download/android
"RT @ATPTour_ES: Â¡El sudor tiene recompensa! ğŸ˜ 

@pablocarreno91 llega a la tercera ronda del #USOpen tras ganar 6-4, 6-7(3), 6-2 y 6-0 a Riâ€¦",Twitter for iPhone,http://twitter.com/download/iphone
"RT @HaddadiPronos: #USOpenÂ ğŸ‡ºğŸ‡¸

ğŸ‘‰ğŸ½ Evans - Pouille + 3.5 sets 
ğŸ‘‰ğŸ½ Wawrinka 
âœ…âœ…âœ…ğŸ”¥
CÃ´te @ 1.86 

Postez vos tickets ğŸ¤‘

LÃ¢chez votre FAV pour lâ€¦",Twitter for iPhone,http://twitter.com/download/iphone
"RT @ATPTour_ES: Â¡El sudor tiene recompensa! ğŸ˜ 

@pablocarreno91 llega a la tercera ronda del #USOpen tras ganar 6-4, 6-7(3), 6-2 y 6-0 a Riâ€¦",TweetDeck,https://about.twitter.com/products/tweetdeck
